district_id,district_name,state
D001,Adilabad,Telangana
D002,Bhadradri Kothagudem,Telangana
D003,Hanumakonda,Telangana
D004,Hyderabad,Telangana
D005,Jagtial,Telangana
D006,Jangaon,Telangana
D007,Jayashankar Bhupalpally,Telangana
D008,Jogulamba Gadwal,Telangana
D009,Kamareddy,Telangana
D010,Karimnagar,Telangana
D011,Khammam,Telangana
D012,Komaram Bheem Asifabad,Telangana
D013,Mahabubabad,Telangana
D014,Mahabubnagar,Telangana
D015,Mancherial,Telangana
D016,Medak,Telangana
D017,Medchal Malkajgiri,Telangana
D018,Mulugu,Telangana
D019,Nagarkurnool,Telangana
D020,Nalgonda,Telangana
D021,Narayanpet,Telangana
D022,Nirmal,Telangana
D023,Nizamabad,Telangana
D024,Peddapalli,Telangana
D025,Rajanna Sircilla,Telangana
D026,Rangareddy,Telangana
D027,Sangareddy,Telangana
D028,Siddipet,Telangana
D029,Suryapet,Telangana
D030,Vikarabad,Telangana
D031, Wanaparthy,Telangana
D032,Warangal,Telangana
D033,Yadadri Bhuvanagiri,Telangana